candidate_id,name,candidate_source,latest_roles,expertise,years_experience,leadership_years,education_level,industry_experience,supply_chain_experience_years,internal_company_knowledge,cross_functional_scope,scenario_type,hiring_decision,time_to_productivity_months,operational_continuity_score,disruption_response_score,transformation_success_score,retention_12m
H0001,Clara Werner,internal,ERP Change Lead; Head of Operations; Emergency Operations Coordinator; Manufacturing Operations Lead,supply chain strategy; KPI management; continuous improvement; operations planning; process redesign; automation enablement,14,8,Bachelor,automotive,10,5,4,Supply Chain Disruption,appointed,3,92,95,82,1
H0002,Jan König,internal,Internal Supply Chain Lead; Business Continuity Manager; Site Logistics Manager,cross-functional leadership; site operations; resource planning; rapid decision making; supplier negotiation; executive communication; team leadership,18,8,Master,automotive,6,5,4,Digital Transformation,appointed,5,90,79,80,0
H0003,Eva Wolf,external,Site Continuity Lead; Regional Fulfillment Manager; Plant Operations Lead,supplier management; inventory control; SAP; resource planning; supplier negotiation; site operations,15,5,Bachelor,logistics,14,4,4,Digital Transformation,appointed,5,89,83,83,1
H0004,Sofia Neumann,external,Logistics Escalation Manager; Head of Operations; Supplier Recovery Lead; Supply Chain Incident Lead,executive communication; SAP; vendor performance; team leadership; S&OP; crisis management; inventory recovery; operational continuity; performance management,20,9,MBA,logistics,18,3,4,Operational Continuity,appointed,6,95,89,81,1
H0005,Julia Otto,external,Transformation Program Lead; Logistics Program Lead; ERP Change Lead; Operations Manager,supplier management; process governance; data analysis; vendor performance; process redesign; change leadership; executive communication,9,3,Master,manufacturing,4,2,4,Supply Chain Disruption,appointed,6,84,86,79,0
H0006,Jan Schuster,internal,Supply Chain Incident Lead; Global Supply Response Manager; Head of Operations; Emergency Operations Coordinator,team leadership; supplier escalation; capacity reallocation; supplier negotiation; SAP; crisis management; supplier management; incident response,11,7,Bachelor,logistics,11,4,5,Digital Transformation,appointed,5,86,89,88,1
H0007,Eva Hartmann,external,Digital Supply Chain Manager; Logistics Transformation Lead,high-pressure operations; escalation handling; digital transformation; stakeholder coordination; rapid decision making; operations leadership; change management,9,4,MBA,manufacturing,8,2,4,Operational Continuity,appointed,7,81,80,86,0
H0008,Finn Franke,internal,Regional Operations Director; Digital Supply Chain Manager; Head of Operations; Transformation Program Lead,continuous improvement; escalation handling; team leadership; change leadership; cross-functional leadership; high-pressure operations; supplier management,16,4,Master,industrial goods,5,4,4,Operational Continuity,appointed,5,92,79,77,1
H0009,David Weber,external,ERP Change Lead; Process Improvement Manager; Head of Operations; Supply Chain Transformation Manager,vendor performance; performance management; change management; data-driven decision making; process optimization; supplier management,14,4,Bachelor,automotive,7,2,5,Operational Continuity,appointed,8,82,86,86,1
H0010,Erik Becker,internal,Head of Operations; Regional Operations Director,incident response; executive communication; business continuity; digital transformation; vendor performance; supplier management; team leadership; operations leadership; inventory planning,12,12,Master,industrial goods,10,4,4,Supply Chain Disruption,appointed,4,90,91,84,0
H0011,Emilia Richter,internal,Transformation Program Lead; ERP Change Lead,digital transformation; stakeholder coordination; continuous improvement; process redesign; change management; ERP implementation,14,5,Bachelor,manufacturing,10,4,5,Supply Chain Disruption,appointed,6,86,85,84,1
H0012,Samuel Meyer,internal,Operations Analytics Manager; Internal Operations Manager; ERP Change Lead,analytics; workflow optimization; stakeholder coordination; vendor performance; project management; digital transformation; ERP implementation; crisis management; adaptability,4,4,MBA,industrial goods,4,4,4,Supply Chain Disruption,appointed,8,83,92,81,1
H0013,Lea Neumann,external,Global Supply Response Manager; Supply Chain Incident Lead,performance management; supplier management; inventory recovery; business continuity; risk mitigation; rapid decision making; process governance,11,7,Master,logistics,8,3,4,Digital Transformation,appointed,5,92,83,87,1
H0014,Mina Fischer,internal,Site Continuity Lead; Head of Operations; Senior Supply Chain Manager,automation enablement; ERP implementation; inventory planning; KPI management; digital transformation; continuous improvement; process redesign; risk mitigation; capacity planning,14,11,Master,automotive,9,4,4,Operational Continuity,appointed,6,90,86,85,0
H0015,Daniel Weber,internal,Supply Chain Transformation Manager; ERP Change Lead; ERP Rollout Lead; Operations Excellence Lead,continuous improvement; ERP implementation; team leadership; KPI design; high-pressure operations; escalation handling; Power BI,15,7,PhD,industrial goods,13,3,5,Supply Chain Disruption,appointed,9,84,90,89,1
H0016,Mina Schmidt,internal,Internal Supply Chain Lead; Site Logistics Manager,workforce planning; supplier negotiation; executive communication; high-pressure operations; cross-functional leadership; supplier management; operational continuity; site operations,9,5,Master,automotive,9,5,5,Supply Chain Disruption,appointed,4,85,100,77,0
H0017,Noah Krause,internal,Internal Supply Chain Lead; Regional Fulfillment Manager,supplier management; site operations; incident response; high-pressure operations; cross-functional leadership; team leadership; SOP execution,18,6,Bachelor,automotive,12,5,4,Operational Continuity,appointed,5,100,93,69,1
H0018,Leon Fischer,internal,Demand Planning Manager; Logistics Program Lead,change leadership; project management; process redesign; operations planning; cross-functional collaboration; automation enablement,9,3,MBA,retail,6,3,5,Operational Continuity,appointed,7,87,84,80,1
H0019,Erik Bauer,external,Plant Logistics Manager; Head of Operations; Global Supply Response Manager,supplier escalation; capacity reallocation; SAP; stakeholder coordination; high-pressure operations; operational continuity; inventory recovery; business continuity,16,10,MBA,electronics,11,3,4,Digital Transformation,appointed,4,83,75,87,1
H0020,Finn Schäfer,external,Supply Chain Transformation Manager; ERP Change Lead; Head of Operations,executive communication; change leadership; process optimization; stakeholder coordination; high-pressure operations; ERP implementation; performance management,8,8,Bachelor,automotive,8,3,4,Operational Continuity,appointed,6,85,82,85,0
H0021,Sara König,external,Head of Operations; Digital Supply Chain Manager; Emergency Operations Coordinator; Supplier Recovery Lead,supplier escalation; escalation handling; digital transformation; Power BI; high-pressure operations; cross-functional leadership; adaptability; performance management,15,5,Master,electronics,7,2,5,Digital Transformation,appointed,7,77,78,92,0
H0022,Laura Neumann,internal,Site Continuity Lead; Internal Supply Chain Lead; Plant Operations Lead; Regional Fulfillment Manager,inventory control; compliance management; SOP execution; operational continuity; process governance; business continuity; rapid decision making; resource planning,16,6,Bachelor,manufacturing,16,5,4,Digital Transformation,appointed,4,92,85,88,0
H0023,Sara Schmidt,internal,Site Continuity Lead; Manufacturing Operations Lead,cross-functional leadership; performance management; high-pressure operations; process redesign; adaptability; supplier management; digital transformation,16,8,Master,automotive,9,5,4,Supply Chain Disruption,appointed,5,93,97,82,0
H0024,Sofia Werner,external,Manufacturing Operations Lead; ERP Change Lead; Transformation Program Lead; Regional Supply Chain Lead,adaptability; risk mitigation; team leadership; operations planning; vendor performance; rapid decision making; business continuity; process redesign; change leadership,18,10,Master,logistics,14,3,5,Digital Transformation,appointed,5,85,85,98,1
H0025,Marta Keller,external,Process Improvement Manager; Operations Excellence Lead,change leadership; stakeholder coordination; high-pressure operations; process redesign; performance management; change management; ERP implementation; escalation handling; cross-functional leadership,12,4,Bachelor,manufacturing,6,2,4,Digital Transformation,appointed,6,75,73,89,0
H0026,Nina Schuster,external,Manufacturing Operations Lead; Supplier Recovery Lead; Site Continuity Lead,change leadership; operations planning; risk mitigation; executive communication; process governance; supply chain strategy; supplier escalation,16,12,PhD,automotive,7,4,5,Supply Chain Disruption,appointed,6,94,93,83,0
H0027,Helena Schäfer,external,Global Supply Response Manager; Logistics Escalation Manager,stakeholder coordination; inventory recovery; SAP; executive communication; crisis management; root cause analysis; escalation handling; vendor performance; team leadership,12,5,Master,logistics,12,3,4,Operational Continuity,appointed,6,88,99,75,1
H0028,Marta Weber,internal,Supply Chain Transformation Manager; Regional Operations Director; Process Improvement Manager; Site Continuity Lead,business continuity; KPI design; data-driven decision making; process governance; operations leadership; ERP implementation,7,3,Bachelor,automotive,7,4,4,Digital Transformation,appointed,6,82,79,88,1
H0029,Jonas Krüger,internal,Supply Chain Strategy Lead; Emergency Operations Coordinator,supplier escalation; performance management; continuous improvement; KPI management; escalation handling; operations leadership; operations planning; inventory planning; stakeholder coordination,19,6,PhD,automotive,9,4,5,Operational Continuity,appointed,5,97,87,78,0
H0030,Helena Otto,internal,Emergency Operations Coordinator; Head of Operations; Manufacturing Operations Lead,vendor performance; adaptability; operational continuity; capacity planning; executive communication; cross-functional leadership; process redesign; risk mitigation,16,10,Master,automotive,8,4,4,Digital Transformation,appointed,5,89,85,94,0
H0031,Ben Neumann,internal,Business Continuity Manager; Emergency Operations Coordinator,business continuity; executive communication; operations leadership; team leadership; supplier escalation; crisis management; operational continuity,18,8,MBA,industrial goods,11,5,5,Digital Transformation,appointed,5,87,82,87,1
H0032,Leon Lange,external,Process Improvement Manager; Head of Operations,process redesign; escalation handling; data-driven decision making; performance management; high-pressure operations; change leadership; digital transformation; change management; KPI design,11,7,Bachelor,electronics,11,3,5,Supply Chain Disruption,appointed,5,84,85,86,0
H0033,Lea Schuster,internal,Regional Operations Director; Emergency Operations Coordinator; Business Continuity Manager,stakeholder coordination; inventory control; site operations; compliance management; crisis management; vendor performance; high-pressure operations; workforce planning,17,9,PhD,manufacturing,12,5,4,Supply Chain Disruption,appointed,5,90,94,82,0
H0034,Leon Otto,internal,Site Logistics Manager; Business Continuity Manager; Internal Operations Manager,stakeholder coordination; process governance; supplier negotiation; high-pressure operations; SAP; SOP execution; rapid decision making,18,8,MBA,automotive,7,5,4,Supply Chain Disruption,appointed,4,96,87,81,1
H0035,David Meyer,internal,Plant Operations Lead; Site Continuity Lead; Internal Operations Manager,SOP execution; supplier management; SAP; resource planning; inventory control; site operations; cross-functional leadership,9,8,Bachelor,automotive,9,5,4,Digital Transformation,appointed,6,85,84,88,0
H0036,Elias Otto,external,Operations Excellence Lead; Process Improvement Manager; Head of Operations; ERP Rollout Lead,automation enablement; data-driven decision making; performance management; continuous improvement; change management; process optimization,11,9,Master,automotive,8,2,5,Supply Chain Disruption,appointed,7,86,89,85,1
H0037,Eva Krüger,internal,Regional Operations Director; Head of Operations; Process Improvement Manager,ERP implementation; high-pressure operations; data-driven decision making; KPI design; continuous improvement; team leadership; change management; digital transformation; process optimization,18,7,Bachelor,automotive,11,3,4,Operational Continuity,appointed,5,93,81,86,0
H0038,Daniel Krüger,external,Transformation Program Lead; ERP Change Lead; Supply Chain Project Manager; Demand Planning Manager,process redesign; cross-functional leadership; stakeholder coordination; analytics; adaptability; project management,7,3,Master,automotive,7,2,5,Supply Chain Disruption,appointed,6,74,84,81,0
H0039,Jonas Krause,internal,Supplier Recovery Lead; Head of Operations; Emergency Operations Coordinator,workforce planning; operations leadership; cross-functional leadership; performance management; rapid decision making; resource planning; supplier management; incident response,19,8,Bachelor,logistics,15,5,3,Digital Transformation,appointed,4,95,88,77,1
H0040,Sara Wagner,external,Logistics Transformation Lead; Operations Excellence Lead; Change Program Manager,high-pressure operations; process redesign; change leadership; change management; cross-functional leadership; executive communication,11,9,Bachelor,automotive,11,3,4,Digital Transformation,appointed,6,80,78,99,0
H0041,Mila Otto,external,Regional Operations Director; Supplier Recovery Lead; Logistics Escalation Manager; Emergency Operations Coordinator,escalation handling; adaptability; risk mitigation; S&OP; capacity reallocation; change leadership,14,12,Master,automotive,14,3,5,Operational Continuity,appointed,6,96,91,86,0
H0042,Maya Meyer,internal,Transformation Program Lead; ERP Change Lead,change leadership; workflow optimization; high-pressure operations; automation enablement; analytics; process improvement; data analysis,9,3,MBA,electronics,6,4,3,Operational Continuity,appointed,5,91,82,78,0
H0043,Nina Fischer,internal,Transformation Program Lead; ERP Change Lead,executive communication; stakeholder coordination; high-pressure operations; operations leadership; adaptability; process redesign; rapid decision making; automation enablement; ERP implementation,18,7,Master,logistics,13,4,4,Operational Continuity,appointed,4,94,82,89,1
H0044,Mila Schäfer,internal,Site Continuity Lead; Regional Supply Chain Lead; Emergency Operations Coordinator; Senior Supply Chain Manager,process redesign; team leadership; crisis management; inventory planning; adaptability; supplier negotiation; process governance,15,12,MBA,manufacturing,15,5,5,Operational Continuity,appointed,4,96,89,92,1
H0045,David Schuster,external,Operations Manager; Supplier Performance Manager; ERP Change Lead; Operations Analytics Manager,operations leadership; performance management; ERP implementation; rapid decision making; project management; high-pressure operations; process improvement; operations planning,4,4,Bachelor,logistics,4,2,5,Digital Transformation,appointed,8,76,75,90,0
H0046,Erik Krause,external,Regional Operations Manager; Plant Logistics Manager,cross-site coordination; cross-functional leadership; vendor performance; rapid decision making; incident response; S&OP,20,6,Bachelor,automotive,14,2,5,Digital Transformation,appointed,5,87,88,83,0
H0047,Leon Franke,internal,Head of Operations; Distribution Operations Manager; Emergency Operations Coordinator,supplier negotiation; supplier escalation; escalation handling; cross-site coordination; team leadership; stakeholder coordination; risk mitigation; S&OP,16,8,MBA,automotive,14,4,4,Operational Continuity,appointed,5,94,97,77,0
H0048,Jan Wagner,external,Continuous Improvement Manager; Operations Analytics Manager,stakeholder coordination; process governance; adaptability; ERP implementation; change leadership; workflow optimization; analytics; operational continuity,7,3,PhD,industrial goods,4,2,4,Digital Transformation,appointed,6,80,65,94,0
H0049,Sofia Hartmann,external,Continuous Improvement Manager; Head of Operations; Demand Planning Manager; Logistics Program Lead,performance management; supplier negotiation; project management; stakeholder coordination; automation enablement; supplier management,10,3,Master,automotive,4,2,4,Digital Transformation,appointed,7,78,72,87,0
H0050,Daniel Schulz,external,ERP Rollout Lead; Digital Supply Chain Manager; Regional Operations Director; Transformation Program Lead,stakeholder coordination; ERP implementation; process redesign; change management; process optimization; adaptability; team leadership; performance management,10,5,MBA,manufacturing,10,2,4,Operational Continuity,appointed,6,82,81,88,0
H0051,Eva König,external,Regional Operations Director; ERP Rollout Lead; Change Program Manager; Logistics Transformation Lead,data-driven decision making; performance management; digital transformation; adaptability; team leadership; Power BI,7,7,Bachelor,manufacturing,7,2,5,Supply Chain Disruption,appointed,7,81,83,83,1
H0052,Elias Schäfer,external,Operations Manager; ERP Change Lead; Transformation Program Lead,change leadership; digital transformation; executive communication; process redesign; analytics; escalation handling; workflow optimization,7,1,Bachelor,automotive,4,2,5,Operational Continuity,appointed,8,81,80,79,0
H0053,Anna Wagner,internal,Supply Chain Project Manager; Supplier Performance Manager; Logistics Program Lead,project management; rapid decision making; data analysis; cross-functional collaboration; supplier negotiation; operations planning; escalation handling; change leadership,9,3,Master,electronics,4,3,4,Supply Chain Disruption,appointed,6,83,91,72,0
H0054,Mila Keller,internal,Operations Program Manager; Regional Operations Director; Logistics Performance Manager; Regional Supply Chain Lead,risk mitigation; capacity planning; vendor performance; rapid decision making; supplier negotiation; cross-functional leadership,12,8,MBA,manufacturing,8,4,4,Supply Chain Disruption,appointed,8,89,89,76,0
H0055,Finn Meyer,external,Change Program Manager; ERP Change Lead; Operations Excellence Lead; Head of Operations,process redesign; executive communication; escalation handling; operations leadership; ERP implementation; supplier negotiation; supplier management; data-driven decision making; change management,16,8,Bachelor,automotive,4,2,5,Operational Continuity,appointed,8,93,82,88,0
H0056,Marta Bauer,external,Transformation Program Lead; Regional Operations Director,process optimization; stakeholder coordination; KPI design; change management; performance management; operations leadership,7,3,MBA,manufacturing,7,3,4,Digital Transformation,appointed,7,76,77,92,0
H0057,Felix Schmidt,external,Operations Excellence Lead; ERP Change Lead; Process Improvement Manager; Change Program Manager,data-driven decision making; change leadership; stakeholder coordination; process redesign; adaptability; team leadership; executive communication; change management; automation enablement,11,10,Master,automotive,11,2,5,Digital Transformation,appointed,7,82,76,97,0
H0058,Laura Meyer,external,Regional Supply Chain Lead; Supplier Recovery Lead; Senior Supply Chain Manager,team leadership; inventory planning; executive communication; incident response; process governance; operational continuity; supplier management; stakeholder coordination,11,6,Master,logistics,8,3,4,Digital Transformation,appointed,6,80,89,87,1
H0059,Samuel Bauer,external,Regional Operations Director; Supplier Recovery Lead; Global Supply Response Manager,supplier management; supplier negotiation; operational continuity; SAP; supplier escalation; stakeholder coordination,13,6,MBA,manufacturing,12,3,4,Supply Chain Disruption,appointed,7,86,100,73,0
H0060,Laura Vogel,internal,Operations Excellence Lead; ERP Change Lead,cross-functional leadership; process redesign; data-driven decision making; automation enablement; process optimization; executive communication; KPI design,9,9,Bachelor,logistics,5,4,4,Operational Continuity,appointed,6,85,83,86,0
H0061,David Richter,internal,Emergency Operations Coordinator; Site Continuity Lead; Regional Operations Director,SAP; root cause analysis; operations leadership; capacity reallocation; cross-functional leadership; rapid decision making; supplier negotiation; cross-site coordination; high-pressure operations,12,5,Bachelor,manufacturing,12,4,4,Digital Transformation,appointed,6,85,84,82,1
H0062,Paul Keller,internal,Supplier Performance Manager; Operations Manager; Supply Chain Project Manager,process redesign; continuous improvement; analytics; change leadership; supplier management; operations planning; automation enablement; executive communication; project management,5,3,Master,logistics,4,4,4,Digital Transformation,appointed,7,79,74,89,0
H0063,Sofia Richter,internal,Plant Operations Lead; Manufacturing Operations Manager; Internal Operations Manager,workforce planning; team leadership; executive communication; incident response; resource planning; cross-functional leadership; site operations; inventory control,14,10,Master,logistics,14,5,5,Digital Transformation,appointed,4,95,85,91,1
H0064,Sofia Krause,external,ERP Change Lead; Continuous Improvement Manager; Supplier Performance Manager; Regional Operations Director,operations planning; cross-functional collaboration; analytics; data analysis; workflow optimization; continuous improvement; high-pressure operations,5,3,Bachelor,logistics,4,2,5,Supply Chain Disruption,appointed,7,82,91,87,0
H0065,Lukas Wagner,external,Supplier Recovery Lead; Regional Operations Director; Emergency Operations Coordinator; Supplier Performance Manager,analytics; process redesign; process improvement; digital transformation; team leadership; stakeholder coordination; supplier escalation; performance management,7,5,Master,retail,7,2,4,Digital Transformation,appointed,9,78,73,94,1
H0066,Marta Hoffmann,external,ERP Change Lead; Supply Chain Transformation Manager; Transformation Program Lead; Process Improvement Manager,team leadership; rapid decision making; escalation handling; KPI design; change management; process redesign; operations leadership; adaptability,17,4,Master,manufacturing,13,2,5,Operational Continuity,appointed,5,86,88,87,1
H0067,Daniel Lange,internal,Internal Supply Chain Lead; Business Continuity Manager; Manufacturing Operations Manager,business continuity; crisis management; operations leadership; escalation handling; process governance; performance management; resource planning; team leadership; site operations,12,11,Master,logistics,12,5,3,Digital Transformation,appointed,5,88,84,86,1
H0068,Sofia Franke,external,Demand Planning Manager; Operations Analytics Manager; Operations Manager,stakeholder coordination; rapid decision making; change leadership; cross-functional leadership; analytics; automation enablement,5,3,Master,automotive,3,2,4,Operational Continuity,appointed,7,83,76,81,0
H0069,Julia Wagner,external,Operations Program Manager; Regional Operations Director; Regional Supply Chain Lead,KPI management; stakeholder coordination; supplier negotiation; performance management; inventory planning; process redesign; team leadership,10,10,Bachelor,automotive,10,3,5,Digital Transformation,appointed,7,89,86,94,0
H0070,Felix Lange,external,Regional Operations Director; Regional Supply Chain Lead; Emergency Operations Coordinator; Senior Supply Chain Manager,incident response; performance management; operations planning; change leadership; operations leadership; stakeholder coordination; team leadership; vendor performance; rapid decision making,19,7,Bachelor,automotive,16,3,5,Supply Chain Disruption,appointed,6,77,92,75,0
H0071,Julia Schmidt,external,Continuous Improvement Manager; Logistics Program Lead,project management; ERP implementation; executive communication; cross-functional collaboration; automation enablement; analytics; high-pressure operations; change leadership,7,3,Master,manufacturing,6,2,4,Supply Chain Disruption,appointed,6,72,88,80,1
H0072,Marta Schmidt,internal,ERP Change Lead; Logistics Performance Manager; Operations Program Manager,KPI management; incident response; operations planning; supply chain strategy; crisis management; inventory planning; high-pressure operations; rapid decision making; vendor performance,13,12,MBA,manufacturing,12,4,4,Operational Continuity,appointed,6,96,93,88,1
H0073,Sofia Becker,external,Supplier Recovery Lead; Internal Operations Manager,inventory planning; supplier negotiation; stakeholder coordination; operations planning; operational continuity; process governance; supplier management; business continuity; executive communication,19,5,Bachelor,automotive,8,4,4,Digital Transformation,appointed,5,89,86,91,0
H0074,Felix Hoffmann,external,Supply Chain Strategy Lead; Manufacturing Operations Lead,automation enablement; incident response; operations planning; ERP implementation; executive communication; cross-functional leadership,18,5,Master,automotive,17,3,5,Operational Continuity,appointed,7,92,92,81,1
H0075,Helena Bauer,external,Operations Analytics Manager; Supplier Performance Manager,adaptability; executive communication; process improvement; escalation handling; operations planning; automation enablement; cross-functional leadership; process redesign,10,5,Bachelor,retail,7,2,4,Supply Chain Disruption,appointed,8,74,90,86,0
H0076,Ben Weber,external,Logistics Escalation Manager; Regional Operations Director; Supply Chain Incident Lead; Plant Logistics Manager,inventory recovery; cross-site coordination; root cause analysis; process governance; operational continuity; supplier negotiation; crisis management; business continuity; operations leadership,15,7,Master,logistics,15,2,4,Digital Transformation,appointed,5,75,93,86,0
H0077,Jan Schäfer,external,Plant Logistics Manager; Global Supply Response Manager,escalation handling; executive communication; crisis management; stakeholder coordination; high-pressure operations; team leadership; cross-functional leadership; supplier negotiation; vendor performance,14,10,MBA,automotive,7,2,3,Digital Transformation,appointed,6,80,88,81,0
H0078,Lukas Hoffmann,external,Distribution Operations Manager; Transformation Program Lead; Emergency Operations Coordinator,stakeholder coordination; supplier management; ERP implementation; cross-functional leadership; operational continuity; inventory recovery; supplier negotiation; operations leadership; digital transformation,12,9,Bachelor,automotive,12,3,4,Supply Chain Disruption,appointed,6,85,99,79,0
H0079,Felix Wolf,internal,Senior Supply Chain Manager; Regional Supply Chain Lead; Head of Operations,supplier negotiation; operations leadership; incident response; performance management; supplier escalation; escalation handling; supplier management,18,7,Bachelor,logistics,7,5,4,Digital Transformation,appointed,3,89,90,91,0
H0080,Emilia Becker,internal,Internal Operations Manager; Site Logistics Manager,escalation handling; supplier escalation; high-pressure operations; site operations; stakeholder coordination; performance management; executive communication; compliance management; SAP,11,9,Bachelor,automotive,11,5,4,Operational Continuity,appointed,6,98,96,78,0
H0081,Emilia Schmidt,internal,Head of Operations; Plant Logistics Manager; Supply Chain Incident Lead,cross-site coordination; stakeholder coordination; supplier management; operational continuity; supplier negotiation; team leadership; business continuity; cross-functional leadership,12,12,MBA,electronics,8,4,5,Digital Transformation,appointed,6,87,88,96,1
H0082,Mila Schulz,external,Operations Excellence Lead; Regional Operations Director; ERP Rollout Lead; Change Program Manager,operations leadership; adaptability; team leadership; process optimization; process redesign; automation enablement; crisis management; change management; data-driven decision making,12,8,MBA,manufacturing,11,2,5,Digital Transformation,appointed,5,78,78,95,0
H0083,Clara Schulz,internal,Supplier Recovery Lead; Regional Supply Chain Lead,cross-functional leadership; process governance; crisis management; vendor performance; operations planning; incident response; rapid decision making; stakeholder coordination,12,11,MBA,automotive,12,5,4,Operational Continuity,appointed,7,96,90,74,1
H0084,Clara Keller,external,Digital Supply Chain Manager; Regional Operations Director; Logistics Transformation Lead; Supply Chain Transformation Manager,process optimization; change management; performance management; operations leadership; continuous improvement; cross-functional leadership,16,4,Master,manufacturing,12,2,4,Operational Continuity,appointed,6,89,87,83,1
H0085,Daniel Werner,internal,Business Continuity Manager; Site Continuity Lead; Plant Operations Lead,workforce planning; high-pressure operations; escalation handling; operations leadership; inventory control; site operations,13,8,Bachelor,industrial goods,13,5,4,Supply Chain Disruption,appointed,4,92,89,77,1
H0086,Daniel Krause,external,Logistics Transformation Lead; Process Improvement Manager,ERP implementation; continuous improvement; process redesign; data-driven decision making; KPI design; process governance; change management; Power BI; adaptability,12,9,Master,manufacturing,6,2,4,Operational Continuity,appointed,7,87,81,86,1
H0087,Elias Franke,external,Transformation Program Lead; Regional Operations Director; Supply Chain Strategy Lead; Supplier Recovery Lead,KPI management; supplier escalation; automation enablement; digital transformation; operations planning; continuous improvement,21,10,Master,manufacturing,10,3,4,Digital Transformation,appointed,6,90,82,88,1
H0088,Julia König,internal,Site Continuity Lead; Manufacturing Operations Lead; Logistics Performance Manager,supplier escalation; supplier management; ERP implementation; digital transformation; continuous improvement; incident response,10,6,Bachelor,automotive,10,4,5,Digital Transformation,appointed,4,92,86,90,1
H0089,Ben Meyer,internal,Supplier Recovery Lead; Logistics Performance Manager; Regional Supply Chain Lead,high-pressure operations; process redesign; supplier escalation; business continuity; supplier management; vendor performance; performance management,19,6,PhD,manufacturing,9,5,5,Supply Chain Disruption,appointed,3,92,93,80,1
H0090,Paul Krüger,internal,Site Continuity Lead; Business Continuity Manager; Regional Operations Director,supplier management; business continuity; vendor performance; performance management; SAP; inventory control; operations leadership; operational continuity,17,6,MBA,automotive,11,5,4,Digital Transformation,appointed,5,89,85,82,0
H0091,Anna König,external,Process Improvement Manager; Supply Chain Transformation Manager; ERP Rollout Lead; ERP Change Lead,escalation handling; business continuity; adaptability; KPI design; data-driven decision making; change management; Power BI,18,3,Master,electronics,13,2,5,Operational Continuity,appointed,6,90,87,80,1
H0092,Nina Bauer,internal,Head of Operations; Regional Operations Director; Internal Operations Manager,team leadership; KPI design; change leadership; cross-functional leadership; process redesign; crisis management,18,6,Master,logistics,10,4,5,Operational Continuity,appointed,5,89,84,83,1
H0093,Felix Schulz,external,Demand Planning Manager; Transformation Program Lead; Operations Manager; Operations Analytics Manager,supplier management; stakeholder coordination; operations planning; vendor performance; automation enablement; executive communication; cross-functional collaboration; digital transformation,8,3,Bachelor,logistics,7,2,3,Operational Continuity,appointed,8,86,83,78,1
H0094,Emilia Schulz,external,Supplier Performance Manager; Logistics Program Lead; Transformation Program Lead,stakeholder coordination; process improvement; process redesign; automation enablement; operations planning; change leadership,6,3,Master,manufacturing,3,2,4,Supply Chain Disruption,appointed,6,78,88,81,0
H0095,Tom Krause,external,Supply Chain Transformation Manager; ERP Change Lead,performance management; data-driven decision making; change management; ERP implementation; change leadership; stakeholder coordination; executive communication,11,5,Master,manufacturing,5,2,4,Digital Transformation,appointed,7,76,74,91,0
H0096,Ben Krause,external,Regional Operations Director; Supply Chain Transformation Manager; Operations Excellence Lead,performance management; change management; automation enablement; cross-functional leadership; change leadership; process optimization; digital transformation,14,10,Master,automotive,7,3,5,Operational Continuity,appointed,7,91,82,92,1
H0097,Marta Krause,external,Demand Planning Manager; Transformation Program Lead; Supplier Performance Manager,analytics; automation enablement; digital transformation; data analysis; workflow optimization; change leadership; project management; continuous improvement; process improvement,6,1,Bachelor,logistics,3,3,4,Operational Continuity,appointed,7,76,74,76,0
H0098,Sara Weber,internal,Global Supply Response Manager; Head of Operations; Plant Logistics Manager,executive communication; capacity reallocation; stakeholder coordination; incident response; high-pressure operations; crisis management,14,8,Master,logistics,9,3,4,Operational Continuity,appointed,7,86,89,74,1
H0099,Helena Hartmann,external,Supply Chain Project Manager; Supplier Recovery Lead,executive communication; stakeholder coordination; continuous improvement; supplier escalation; team leadership; process redesign,9,5,Bachelor,automotive,3,2,3,Operational Continuity,appointed,7,83,88,83,0
H0100,Erik Hoffmann,external,Regional Supply Chain Lead; Emergency Operations Coordinator; Internal Operations Manager,executive communication; performance management; rapid decision making; change leadership; operational continuity; team leadership; continuous improvement; operations planning,14,10,Bachelor,electronics,14,4,5,Operational Continuity,appointed,5,90,85,87,0
H0101,Erik Wagner,internal,Regional Fulfillment Manager; Site Continuity Lead; Supplier Recovery Lead; Site Logistics Manager,crisis management; change leadership; executive communication; site operations; compliance management; operations leadership; adaptability,14,5,Bachelor,industrial goods,14,5,4,Supply Chain Disruption,appointed,6,97,99,75,1
H0102,Mina Hoffmann,internal,Internal Operations Manager; Manufacturing Operations Manager; Business Continuity Manager; Regional Operations Director,rapid decision making; resource planning; process governance; cross-functional leadership; incident response; team leadership; supplier negotiation,16,4,Master,industrial goods,14,5,4,Digital Transformation,appointed,4,85,82,92,1
H0103,David Keller,external,Operations Analytics Manager; Supplier Performance Manager; Continuous Improvement Manager; ERP Change Lead,change leadership; process improvement; operational continuity; analytics; executive communication; project management; business continuity; data analysis; workflow optimization,6,4,Master,logistics,4,2,4,Digital Transformation,appointed,8,80,76,93,0
H0104,Helena Keller,external,Transformation Program Lead; Logistics Performance Manager,risk mitigation; continuous improvement; operational continuity; operations leadership; team leadership; inventory planning; supplier management,17,13,Master,industrial goods,13,3,4,Operational Continuity,appointed,4,100,90,87,1
H0105,Laura Bauer,internal,Process Improvement Manager; Internal Operations Manager,supplier escalation; executive communication; data-driven decision making; process redesign; cross-functional leadership; change management,16,3,Master,logistics,11,4,5,Supply Chain Disruption,appointed,6,87,97,79,0
H0106,Clara Lange,internal,Regional Fulfillment Manager; Manufacturing Operations Manager; Business Continuity Manager; Site Continuity Lead,high-pressure operations; operations leadership; workforce planning; performance management; cross-functional leadership; business continuity,14,7,MBA,electronics,10,5,4,Digital Transformation,appointed,5,89,85,90,0
H0107,Maya Franke,external,Transformation Program Lead; Process Improvement Manager; Head of Operations; ERP Rollout Lead,team leadership; performance management; digital transformation; continuous improvement; cross-functional leadership; change leadership; process redesign,18,9,Bachelor,manufacturing,10,2,5,Digital Transformation,appointed,7,87,77,100,1
H0108,Samuel Keller,external,Global Supply Response Manager; Regional Operations Manager; Supply Chain Incident Lead,process governance; performance management; supplier negotiation; team leadership; root cause analysis; high-pressure operations; vendor performance,15,6,Master,automotive,15,3,4,Operational Continuity,appointed,6,96,94,72,1
H0109,Jonas Schuster,internal,Supplier Recovery Lead; Internal Operations Manager; Plant Logistics Manager,executive communication; change leadership; escalation handling; team leadership; cross-functional leadership; cross-site coordination; SAP; vendor performance,11,11,Master,logistics,10,4,3,Digital Transformation,appointed,6,84,87,88,1
H0110,Nina Krüger,internal,Regional Operations Director; Site Logistics Manager,stakeholder coordination; high-pressure operations; operations leadership; vendor performance; cross-functional leadership; SAP,12,9,Master,manufacturing,11,5,5,Supply Chain Disruption,appointed,3,88,95,72,1
H0111,Eva Hoffmann,external,Supplier Recovery Lead; Transformation Program Lead; Regional Operations Director; Regional Supply Chain Lead,cross-functional leadership; capacity planning; operations leadership; digital transformation; change leadership; process governance; supplier negotiation; rapid decision making,20,10,Master,manufacturing,11,3,5,Operational Continuity,appointed,4,94,89,83,0
H0112,Tom Schulz,external,Logistics Program Lead; Supply Chain Project Manager,data analysis; operations planning; continuous improvement; adaptability; stakeholder coordination; change leadership; ERP implementation,10,1,Bachelor,logistics,6,2,4,Operational Continuity,appointed,7,82,78,80,1
H0113,Nina Hoffmann,internal,Regional Operations Director; Change Program Manager; Digital Supply Chain Manager; Operations Excellence Lead,operations leadership; KPI design; data-driven decision making; cross-functional leadership; process governance; continuous improvement,18,7,PhD,automotive,12,3,4,Operational Continuity,appointed,7,88,77,85,1
H0114,Sofia Otto,external,Regional Operations Director; Supply Chain Transformation Manager,adaptability; performance management; team leadership; continuous improvement; data-driven decision making; digital transformation,16,6,Bachelor,industrial goods,7,2,5,Digital Transformation,appointed,5,81,77,90,0
H0115,Maya Keller,external,Emergency Operations Coordinator; Transformation Program Lead; Supply Chain Strategy Lead; Senior Supply Chain Manager,escalation handling; business continuity; risk mitigation; digital transformation; ERP implementation; process governance,15,6,MBA,automotive,15,4,5,Supply Chain Disruption,appointed,5,94,96,83,0
H0116,Helena Vogel,external,Operations Analytics Manager; Supplier Performance Manager; Continuous Improvement Manager; Transformation Program Lead,process improvement; automation enablement; executive communication; project management; cross-functional collaboration; workflow optimization; ERP implementation,10,4,Bachelor,manufacturing,3,2,3,Operational Continuity,appointed,6,80,79,86,1
H0117,Marta Franke,external,Transformation Program Lead; Continuous Improvement Manager; Logistics Program Lead,process redesign; continuous improvement; change leadership; process improvement; stakeholder coordination; rapid decision making; cross-functional collaboration; executive communication; project management,10,3,Master,industrial goods,3,3,5,Supply Chain Disruption,appointed,7,80,85,80,1
H0118,Sofia Vogel,external,Distribution Operations Manager; Supply Chain Incident Lead; Logistics Escalation Manager,stakeholder coordination; rapid decision making; escalation handling; team leadership; supplier negotiation; operations leadership,15,6,Bachelor,automotive,8,3,4,Digital Transformation,appointed,6,94,91,86,1
H0119,Paul Weber,internal,Supplier Recovery Lead; Regional Fulfillment Manager; Site Continuity Lead; Regional Operations Director,supplier management; supplier escalation; workforce planning; SOP execution; stakeholder coordination; SAP; performance management,15,4,Master,logistics,10,5,4,Digital Transformation,appointed,4,90,77,87,1
H0120,Maya Schäfer,external,Process Improvement Manager; Transformation Program Lead; Supply Chain Transformation Manager,Power BI; digital transformation; adaptability; automation enablement; change leadership; supplier negotiation; cross-functional leadership,8,8,PhD,logistics,8,2,4,Operational Continuity,appointed,7,88,85,91,1
H0121,Maya Richter,external,Transformation Program Lead; Logistics Performance Manager,supplier escalation; crisis management; stakeholder coordination; vendor performance; performance management; operations leadership; ERP implementation,19,7,Bachelor,electronics,11,4,4,Operational Continuity,appointed,4,94,88,81,0
H0122,Paul Lange,external,Regional Operations Director; ERP Change Lead,process governance; process redesign; cross-functional leadership; business continuity; Power BI; process optimization,12,4,Bachelor,electronics,12,2,5,Operational Continuity,appointed,8,87,84,89,0
H0123,Finn Wolf,internal,Plant Operations Lead; Emergency Operations Coordinator; Site Continuity Lead,operations leadership; supplier escalation; high-pressure operations; escalation handling; cross-functional leadership; vendor performance; process governance; incident response; resource planning,12,8,Bachelor,manufacturing,12,5,4,Supply Chain Disruption,appointed,5,91,96,74,1
H0124,Helena Lange,external,Supply Chain Incident Lead; Distribution Operations Manager,operations leadership; business continuity; process governance; team leadership; performance management; vendor performance; S&OP,19,11,PhD,manufacturing,12,3,4,Digital Transformation,appointed,4,88,88,90,1
H0125,Sara Bauer,internal,Plant Operations Lead; Site Logistics Manager,SAP; crisis management; executive communication; compliance management; escalation handling; rapid decision making; incident response; inventory control,14,4,Bachelor,manufacturing,13,5,4,Supply Chain Disruption,appointed,5,97,98,73,0
H0126,Noah Franke,internal,Supplier Recovery Lead; Head of Operations,supplier management; stakeholder coordination; crisis management; process governance; high-pressure operations; operations leadership; S&OP,11,5,Master,logistics,11,3,4,Operational Continuity,appointed,5,92,95,75,0
H0127,Finn Otto,internal,Operations Program Manager; Regional Operations Director; Supply Chain Strategy Lead; Head of Operations,performance management; supplier negotiation; digital transformation; cross-functional leadership; incident response; crisis management,21,8,Master,manufacturing,14,5,4,Supply Chain Disruption,appointed,4,90,95,79,1
H0128,Mila Meyer,internal,Site Continuity Lead; Site Logistics Manager; Business Continuity Manager,business continuity; SOP execution; cross-functional leadership; site operations; inventory control; SAP,18,10,Master,automotive,15,5,4,Supply Chain Disruption,appointed,5,96,94,69,1
H0129,Tom Meyer,external,Regional Operations Director; Digital Supply Chain Manager; ERP Change Lead; Head of Operations,Power BI; KPI design; automation enablement; stakeholder coordination; process redesign; change management; executive communication; digital transformation; rapid decision making,16,9,Bachelor,logistics,10,2,5,Supply Chain Disruption,appointed,5,78,88,81,0
H0130,Jonas Weber,internal,Internal Operations Manager; Senior Supply Chain Manager,stakeholder coordination; supplier management; risk mitigation; operations planning; rapid decision making; process governance; cross-functional leadership,17,11,MBA,manufacturing,17,5,4,Operational Continuity,appointed,3,97,83,84,0
H0131,Helena Fischer,external,Manufacturing Operations Lead; Head of Operations,stakeholder coordination; supplier negotiation; supplier management; adaptability; risk mitigation; incident response; KPI management,15,13,Master,manufacturing,7,3,4,Digital Transformation,appointed,6,86,84,97,0
H0132,Mina Lange,external,Regional Operations Manager; Plant Logistics Manager,supplier management; team leadership; stakeholder coordination; crisis management; cross-site coordination; vendor performance; performance management; SAP,15,11,Master,industrial goods,9,2,4,Operational Continuity,appointed,6,86,88,83,0
H0133,Clara Schäfer,internal,Internal Operations Manager; Regional Supply Chain Lead,capacity planning; performance management; crisis management; operations planning; team leadership; supplier escalation; ERP implementation,22,11,PhD,retail,7,5,4,Supply Chain Disruption,appointed,5,95,98,80,0
H0134,Eva Neumann,internal,Transformation Program Lead; Regional Operations Director; Logistics Transformation Lead,process optimization; change leadership; incident response; performance management; supplier escalation; continuous improvement,8,8,Master,logistics,8,4,4,Digital Transformation,appointed,7,83,76,100,0
H0135,Sara Keller,internal,Internal Supply Chain Lead; Head of Operations; Internal Operations Manager,site operations; high-pressure operations; vendor performance; process redesign; operational continuity; business continuity,13,9,Master,manufacturing,13,5,4,Operational Continuity,appointed,5,99,82,82,1
H0136,Paul Franke,external,Operations Manager; Supplier Performance Manager; Demand Planning Manager,executive communication; vendor performance; supplier management; continuous improvement; project management; change leadership,9,2,Bachelor,retail,8,2,4,Digital Transformation,appointed,7,77,80,93,0
H0137,Jonas Becker,internal,Emergency Operations Coordinator; Regional Operations Manager; Head of Operations; Plant Logistics Manager,rapid decision making; operational continuity; incident response; high-pressure operations; risk mitigation; S&OP,13,12,Bachelor,automotive,8,4,4,Digital Transformation,appointed,5,86,80,86,0
H0138,Emilia Hoffmann,external,ERP Change Lead; Supply Chain Transformation Manager,process redesign; executive communication; cross-functional leadership; stakeholder coordination; escalation handling; process optimization; rapid decision making,9,9,Master,logistics,6,2,4,Digital Transformation,appointed,7,83,78,91,1
H0139,Mina Hartmann,internal,Logistics Program Lead; Continuous Improvement Manager; Demand Planning Manager,operations planning; automation enablement; escalation handling; supplier management; high-pressure operations; stakeholder coordination,4,4,Master,electronics,4,3,4,Operational Continuity,appointed,7,82,82,84,0
H0140,Felix Bauer,external,Emergency Operations Coordinator; Global Supply Response Manager,S&OP; high-pressure operations; vendor performance; supplier management; risk mitigation; operations leadership,13,11,Master,industrial goods,11,3,4,Operational Continuity,appointed,6,100,83,79,1
H0141,Paul Werner,external,Supply Chain Incident Lead; Regional Operations Manager; Regional Operations Director,SAP; root cause analysis; inventory recovery; operational continuity; executive communication; operations leadership,19,11,Master,automotive,12,3,4,Supply Chain Disruption,appointed,6,79,100,80,0
H0142,Jonas König,external,Digital Supply Chain Manager; ERP Change Lead,supplier escalation; process optimization; Power BI; incident response; cross-functional leadership; executive communication; ERP implementation; digital transformation,15,5,Bachelor,automotive,8,2,4,Supply Chain Disruption,appointed,7,82,92,84,0
H0143,Jan Becker,internal,Site Logistics Manager; Emergency Operations Coordinator,change leadership; business continuity; vendor performance; performance management; stakeholder coordination; workforce planning; incident response; SOP execution,19,6,Bachelor,automotive,7,5,4,Operational Continuity,appointed,4,98,86,76,0
H0144,Jonas Fischer,internal,Head of Operations; Internal Operations Manager; Site Continuity Lead; Supply Chain Strategy Lead,supplier management; escalation handling; team leadership; cross-functional leadership; adaptability; performance management; risk mitigation; inventory planning,22,11,Master,automotive,11,4,4,Operational Continuity,appointed,5,94,80,84,0
H0145,Mina Wagner,internal,Regional Supply Chain Lead; Senior Supply Chain Manager,operations planning; crisis management; process governance; executive communication; operations leadership; business continuity; risk mitigation; KPI management; ERP implementation,10,8,Master,manufacturing,7,5,3,Digital Transformation,appointed,5,91,87,90,1
H0146,Helena Neumann,external,Plant Logistics Manager; Supply Chain Incident Lead; ERP Change Lead,supplier escalation; cross-functional leadership; root cause analysis; cross-site coordination; automation enablement; performance management; rapid decision making; S&OP; change leadership,10,10,MBA,retail,8,3,4,Digital Transformation,appointed,6,79,85,91,0
H0147,Jonas Neumann,external,ERP Change Lead; Logistics Performance Manager,process governance; crisis management; supply chain strategy; team leadership; escalation handling; supplier escalation,22,8,Bachelor,manufacturing,9,3,5,Operational Continuity,appointed,6,91,82,83,0
H0148,Finn Schmidt,internal,Supplier Recovery Lead; Manufacturing Operations Manager,executive communication; resource planning; operations leadership; site operations; escalation handling; SOP execution; supplier escalation; process governance,16,4,Master,automotive,8,5,4,Digital Transformation,appointed,6,94,85,86,1
H0149,Sara Hartmann,external,Process Improvement Manager; Digital Supply Chain Manager,KPI design; ERP implementation; automation enablement; process redesign; high-pressure operations; stakeholder coordination,12,9,Bachelor,automotive,9,2,5,Digital Transformation,appointed,5,72,74,98,0
H0150,Noah Keller,external,Internal Operations Manager; Regional Fulfillment Manager; Internal Supply Chain Lead; Site Logistics Manager,vendor performance; inventory control; incident response; supplier escalation; escalation handling; process governance,10,6,Bachelor,logistics,10,4,4,Operational Continuity,appointed,6,92,90,71,1
H0151,Sofia Krüger,external,Operations Manager; Supply Chain Project Manager,operations planning; analytics; cross-functional collaboration; process redesign; workflow optimization; continuous improvement,8,5,Bachelor,automotive,4,2,4,Operational Continuity,appointed,6,83,76,83,0
H0152,Anna Richter,external,Plant Operations Lead; Internal Supply Chain Lead,process governance; executive communication; business continuity; workforce planning; operations leadership; cross-functional leadership,10,4,Bachelor,logistics,7,5,4,Operational Continuity,appointed,6,99,87,67,1
H0153,Paul Neumann,internal,Emergency Operations Coordinator; Regional Operations Director,rapid decision making; stakeholder coordination; change leadership; executive communication; digital transformation; operational continuity; supplier management,13,7,Bachelor,retail,11,5,5,Supply Chain Disruption,appointed,5,88,90,83,1
H0154,Erik Weber,external,Emergency Operations Coordinator; Supplier Recovery Lead; Regional Operations Director,team leadership; high-pressure operations; crisis management; supplier escalation; risk mitigation; cross-functional leadership; supply chain strategy; operational continuity,13,13,PhD,industrial goods,7,3,4,Digital Transformation,appointed,5,88,84,85,1
H0155,Jan Werner,external,Supplier Recovery Lead; Regional Operations Director,team leadership; inventory recovery; S&OP; performance management; executive communication; cross-functional leadership; stakeholder coordination; risk mitigation,18,10,PhD,electronics,16,2,4,Supply Chain Disruption,appointed,6,81,99,77,1
H0156,Maya Vogel,external,Transformation Program Lead; ERP Change Lead,automation enablement; operations leadership; change management; process optimization; supplier management; data-driven decision making; Power BI; ERP implementation,18,8,Master,manufacturing,13,3,4,Supply Chain Disruption,appointed,7,84,90,83,1
H0157,Ben Franke,internal,Supply Chain Incident Lead; Head of Operations,risk mitigation; cross-functional leadership; executive communication; performance management; capacity reallocation; crisis management; cross-site coordination; stakeholder coordination,12,10,Bachelor,manufacturing,7,3,5,Supply Chain Disruption,appointed,6,81,94,80,1
H0158,Elias Fischer,external,ERP Rollout Lead; Head of Operations; Regional Operations Director,automation enablement; digital transformation; operations leadership; supplier escalation; supplier management; change management; supplier negotiation,15,8,Master,industrial goods,7,2,5,Digital Transformation,appointed,7,80,79,92,0
H0159,Nina König,internal,Regional Supply Chain Lead; Supplier Recovery Lead; Head of Operations,adaptability; supply chain strategy; risk mitigation; continuous improvement; operations planning; high-pressure operations; KPI management; incident response,17,7,Master,automotive,12,5,4,Supply Chain Disruption,appointed,6,91,98,79,1
H0160,Noah Richter,external,Internal Operations Manager; Site Continuity Lead; Operations Program Manager,digital transformation; KPI management; supplier management; stakeholder coordination; supply chain strategy; executive communication; risk mitigation,16,12,Bachelor,manufacturing,13,4,4,Operational Continuity,appointed,5,94,84,84,1
H0161,Lea Lange,internal,Regional Operations Manager; Global Supply Response Manager; Logistics Escalation Manager; Head of Operations,inventory recovery; capacity reallocation; crisis management; root cause analysis; supplier negotiation; process redesign; operations leadership,11,10,PhD,retail,11,4,4,Operational Continuity,appointed,6,95,87,77,0
H0162,Daniel Becker,internal,Logistics Transformation Lead; Supply Chain Transformation Manager,process optimization; Power BI; supplier management; performance management; team leadership; rapid decision making; cross-functional leadership; ERP implementation; digital transformation,7,7,Master,manufacturing,7,3,5,Supply Chain Disruption,appointed,6,85,91,80,0
H0163,Jonas Hoffmann,external,Change Program Manager; Logistics Transformation Lead; Operations Excellence Lead,change management; continuous improvement; process redesign; data-driven decision making; KPI design; ERP implementation; change leadership; Power BI; digital transformation,14,7,Master,manufacturing,5,2,4,Supply Chain Disruption,appointed,6,82,89,78,0
H0164,Laura Lange,external,Manufacturing Operations Lead; ERP Change Lead; Supplier Recovery Lead; Transformation Program Lead,change leadership; stakeholder coordination; KPI management; supplier escalation; high-pressure operations; supplier management; process redesign,16,8,Bachelor,manufacturing,15,4,4,Digital Transformation,appointed,5,86,87,89,1
H0165,Tom Richter,internal,Continuous Improvement Manager; Logistics Program Lead,ERP implementation; process improvement; process governance; workflow optimization; analytics; data analysis,10,4,PhD,automotive,4,4,5,Supply Chain Disruption,appointed,7,84,86,85,0
H0166,Mina Wolf,external,Manufacturing Operations Manager; Plant Operations Lead; Regional Operations Director; Site Logistics Manager,operations leadership; business continuity; supplier negotiation; site operations; supplier management; vendor performance; performance management,17,11,Master,logistics,6,4,5,Operational Continuity,appointed,6,97,86,82,0
H0167,Leon Hartmann,internal,Operations Analytics Manager; Logistics Program Lead; Demand Planning Manager,adaptability; workflow optimization; continuous improvement; process redesign; cross-functional collaboration; automation enablement; operations planning; analytics; process improvement,9,4,Master,automotive,7,3,5,Supply Chain Disruption,appointed,7,81,87,85,0
H0168,Daniel Wolf,external,Logistics Transformation Lead; ERP Rollout Lead; Change Program Manager,cross-functional leadership; process redesign; performance management; team leadership; change leadership; operations leadership,18,4,Bachelor,electronics,7,2,4,Operational Continuity,appointed,7,87,81,88,0
H0169,Julia Richter,external,Emergency Operations Coordinator; Senior Supply Chain Manager; Regional Supply Chain Lead; Operations Program Manager,supplier management; operations planning; supplier negotiation; adaptability; performance management; incident response; continuous improvement,12,6,Master,manufacturing,11,4,4,Supply Chain Disruption,appointed,6,90,90,78,0
H0170,Daniel Fischer,internal,Internal Operations Manager; Supplier Recovery Lead; Logistics Performance Manager,cross-functional leadership; business continuity; risk mitigation; vendor performance; performance management; KPI management; stakeholder coordination; supply chain strategy,10,8,Master,manufacturing,10,5,3,Digital Transformation,appointed,5,88,86,86,1
H0171,Lea Schäfer,external,Senior Supply Chain Manager; Emergency Operations Coordinator; Regional Supply Chain Lead; Logistics Performance Manager,high-pressure operations; operational continuity; supply chain strategy; operations planning; risk mitigation; process governance; stakeholder coordination,14,11,Bachelor,industrial goods,14,3,4,Operational Continuity,appointed,5,88,82,77,0
H0172,Clara Bauer,external,Operations Analytics Manager; Operations Manager; Supply Chain Project Manager; Demand Planning Manager,data analysis; change leadership; stakeholder coordination; digital transformation; analytics; ERP implementation; project management; operations planning,7,3,Master,logistics,4,2,4,Supply Chain Disruption,appointed,8,80,88,77,0
H0173,Marta Krüger,internal,Internal Operations Manager; Operations Analytics Manager,vendor performance; analytics; adaptability; ERP implementation; stakeholder coordination; data analysis; process redesign; change leadership,9,3,Bachelor,logistics,4,4,4,Digital Transformation,appointed,7,77,79,91,1
H0174,Finn Bauer,internal,Logistics Performance Manager; ERP Change Lead; Supply Chain Strategy Lead; Regional Supply Chain Lead,stakeholder coordination; inventory planning; ERP implementation; capacity planning; vendor performance; risk mitigation; rapid decision making,21,8,Master,industrial goods,17,5,4,Operational Continuity,appointed,4,97,87,83,1
H0175,Mina Neumann,internal,Emergency Operations Coordinator; Supply Chain Strategy Lead; Transformation Program Lead,process redesign; supplier management; operational continuity; escalation handling; automation enablement; vendor performance,13,9,Master,automotive,13,5,5,Operational Continuity,appointed,4,94,86,85,1
H0176,Emilia Krause,external,Regional Fulfillment Manager; Internal Supply Chain Lead,operations leadership; executive communication; SOP execution; crisis management; workforce planning; resource planning; rapid decision making; supplier management; performance management,15,8,Bachelor,industrial goods,12,4,4,Supply Chain Disruption,appointed,4,93,94,77,1
H0177,Clara Schuster,internal,Site Continuity Lead; Manufacturing Operations Manager; Internal Operations Manager,performance management; compliance management; executive communication; operational continuity; cross-functional leadership; team leadership,10,6,Master,manufacturing,10,5,4,Supply Chain Disruption,appointed,6,93,93,74,0
H0178,Samuel Richter,external,Digital Supply Chain Manager; Operations Excellence Lead; Supply Chain Transformation Manager,Power BI; process redesign; stakeholder coordination; cross-functional leadership; operations leadership; process optimization; automation enablement; data-driven decision making,12,7,Bachelor,manufacturing,6,2,5,Supply Chain Disruption,appointed,6,77,88,85,1
H0179,Jonas Franke,internal,Plant Logistics Manager; Head of Operations,executive communication; vendor performance; SAP; team leadership; supplier management; inventory recovery,12,8,Bachelor,manufacturing,12,4,5,Digital Transformation,appointed,5,85,88,84,1
H0180,Eva Becker,internal,Regional Operations Director; Regional Supply Chain Lead; Operations Program Manager,stakeholder coordination; process redesign; team leadership; inventory planning; operational continuity; automation enablement,11,11,Master,manufacturing,11,5,5,Supply Chain Disruption,appointed,4,83,91,85,0
H0181,Samuel Becker,internal,Supplier Recovery Lead; Regional Fulfillment Manager; Internal Supply Chain Lead,SAP; workforce planning; process governance; process redesign; adaptability; compliance management; performance management; crisis management; inventory control,13,5,Master,logistics,7,5,5,Supply Chain Disruption,appointed,4,89,95,80,0
H0182,Jonas Wagner,external,Supplier Recovery Lead; Operations Program Manager; Transformation Program Lead,risk mitigation; digital transformation; supplier management; inventory planning; cross-functional leadership; operational continuity; stakeholder coordination; incident response,12,6,Bachelor,logistics,12,3,4,Operational Continuity,appointed,5,93,99,74,1
H0183,Jonas Schmidt,internal,Distribution Operations Manager; Supply Chain Incident Lead; Plant Logistics Manager; Site Continuity Lead,capacity reallocation; change leadership; business continuity; rapid decision making; SAP; operational continuity; escalation handling,20,7,Bachelor,manufacturing,12,4,5,Operational Continuity,appointed,5,98,85,78,0
H0184,Anna Werner,internal,Supplier Recovery Lead; Transformation Program Lead; Regional Supply Chain Lead; Emergency Operations Coordinator,supplier negotiation; incident response; high-pressure operations; supply chain strategy; capacity planning; ERP implementation; performance management; inventory planning; executive communication,12,6,MBA,manufacturing,12,4,4,Digital Transformation,appointed,5,84,83,95,1
H0185,Ben Otto,external,Supplier Performance Manager; ERP Change Lead; Head of Operations; Operations Manager,vendor performance; operations planning; ERP implementation; executive communication; change leadership; analytics; project management; adaptability; cross-functional leadership,9,5,Master,electronics,8,3,5,Operational Continuity,appointed,6,87,77,83,0
H0186,Jonas Otto,internal,Continuous Improvement Manager; Operations Analytics Manager; Site Continuity Lead; Operations Manager,supplier management; supplier negotiation; change leadership; stakeholder coordination; operations planning; project management,7,3,Bachelor,automotive,4,4,4,Operational Continuity,appointed,5,90,74,77,1
H0187,David König,internal,Site Continuity Lead; Emergency Operations Coordinator,business continuity; digital transformation; ERP implementation; continuous improvement; escalation handling; high-pressure operations; change leadership; crisis management,16,11,Master,automotive,7,4,4,Digital Transformation,appointed,5,87,82,91,1
H0188,Paul Becker,external,Process Improvement Manager; Supply Chain Transformation Manager; Digital Supply Chain Manager; Change Program Manager,high-pressure operations; escalation handling; executive communication; ERP implementation; change management; automation enablement; data-driven decision making; process optimization,16,10,Master,automotive,9,2,5,Operational Continuity,appointed,7,85,82,92,0
H0189,Anna Meyer,internal,Logistics Transformation Lead; Operations Excellence Lead; Site Continuity Lead; Change Program Manager,performance management; supplier management; operations leadership; ERP implementation; executive communication; team leadership,8,8,Master,industrial goods,7,4,5,Operational Continuity,appointed,5,87,81,86,0
H0190,Leon König,external,Emergency Operations Coordinator; Regional Supply Chain Lead; Supplier Recovery Lead; Head of Operations,team leadership; high-pressure operations; business continuity; crisis management; automation enablement; supplier escalation; executive communication; operational continuity; operations planning,16,12,Master,retail,15,3,4,Supply Chain Disruption,appointed,6,92,94,82,0
H0191,Noah Meyer,internal,Regional Operations Director; Supplier Recovery Lead; Operations Program Manager,continuous improvement; high-pressure operations; performance management; stakeholder coordination; team leadership; incident response; vendor performance,19,13,MBA,manufacturing,11,4,4,Supply Chain Disruption,appointed,5,92,91,83,0
H0192,Lea Schmidt,internal,Regional Operations Director; Manufacturing Operations Manager; Supplier Recovery Lead; Business Continuity Manager,operational continuity; operations leadership; site operations; business continuity; supplier escalation; SOP execution; process governance; supplier negotiation; vendor performance,20,5,Master,manufacturing,11,5,3,Supply Chain Disruption,appointed,3,94,93,73,0
H0193,Nina Richter,external,Emergency Operations Coordinator; Supplier Recovery Lead,operations leadership; rapid decision making; digital transformation; supplier escalation; operations planning; process redesign; stakeholder coordination,14,8,Bachelor,industrial goods,14,4,4,Operational Continuity,appointed,6,97,90,83,1
H0194,Noah Schuster,external,Head of Operations; Transformation Program Lead,process governance; executive communication; operational continuity; performance management; cross-functional leadership; team leadership; KPI design,17,8,Bachelor,logistics,12,3,5,Digital Transformation,appointed,4,81,80,100,0
H0195,Erik Krüger,internal,Internal Operations Manager; Internal Supply Chain Lead; Emergency Operations Coordinator,process governance; SOP execution; crisis management; escalation handling; business continuity; high-pressure operations; supplier management,15,8,Bachelor,automotive,14,5,4,Operational Continuity,appointed,4,100,92,78,1
H0196,Tom Franke,internal,Supplier Recovery Lead; Site Logistics Manager,process redesign; business continuity; supplier escalation; resource planning; incident response; inventory control; compliance management; crisis management; high-pressure operations,20,9,Bachelor,automotive,14,5,5,Digital Transformation,appointed,5,94,88,91,1
H0197,Erik Meyer,external,Plant Logistics Manager; Global Supply Response Manager,executive communication; SAP; team leadership; cross-site coordination; supplier escalation; operations leadership,17,8,Master,logistics,17,2,4,Operational Continuity,appointed,5,90,92,77,1
H0198,Tom Werner,internal,Supplier Recovery Lead; Regional Operations Director,high-pressure operations; resource planning; compliance management; operations leadership; business continuity; vendor performance,19,7,Master,electronics,11,5,4,Operational Continuity,appointed,4,100,85,78,1
H0199,Sara Franke,external,Supplier Performance Manager; Supply Chain Project Manager; Transformation Program Lead; Operations Analytics Manager,continuous improvement; data analysis; process improvement; stakeholder coordination; ERP implementation; cross-functional collaboration,7,1,Master,automotive,7,2,4,Operational Continuity,appointed,7,78,75,76,1
H0200,Nina Lange,external,Supply Chain Transformation Manager; Operations Excellence Lead,process redesign; continuous improvement; change management; KPI design; stakeholder coordination; executive communication; adaptability; Power BI,13,4,Bachelor,logistics,12,2,4,Operational Continuity,appointed,7,80,83,84,1
H0201,Leon Neumann,internal,Distribution Operations Manager; Head of Operations; Logistics Escalation Manager; Regional Operations Director,supplier escalation; team leadership; business continuity; incident response; capacity reallocation; inventory recovery; process governance; executive communication,13,7,Master,industrial goods,13,4,5,Digital Transformation,appointed,5,84,90,90,0
H0202,Tom König,external,Regional Supply Chain Lead; Regional Operations Director,high-pressure operations; risk mitigation; continuous improvement; inventory planning; cross-functional leadership; escalation handling; supplier management,15,8,MBA,industrial goods,13,4,5,Operational Continuity,appointed,5,98,87,85,0
H0203,Leon Werner,internal,Logistics Performance Manager; Regional Operations Director; Regional Supply Chain Lead,inventory planning; stakeholder coordination; high-pressure operations; KPI management; continuous improvement; executive communication; ERP implementation,20,6,Bachelor,logistics,11,5,4,Digital Transformation,appointed,3,92,89,94,0
H0204,Clara Vogel,internal,Regional Operations Director; Head of Operations,stakeholder coordination; incident response; SOP execution; supplier management; crisis management; rapid decision making; executive communication; operations leadership; supplier negotiation,14,9,Bachelor,automotive,12,5,3,Operational Continuity,appointed,4,98,84,77,1
H0205,Mina Krüger,internal,Supply Chain Incident Lead; Regional Operations Manager; Internal Operations Manager; Head of Operations,process governance; performance management; root cause analysis; inventory recovery; team leadership; SAP; vendor performance; business continuity; high-pressure operations,12,8,Master,logistics,11,4,4,Operational Continuity,appointed,6,91,88,78,1
H0206,David Hoffmann,internal,Operations Program Manager; Regional Supply Chain Lead,rapid decision making; cross-functional leadership; business continuity; team leadership; supplier negotiation; capacity planning; escalation handling,17,13,Bachelor,manufacturing,15,4,4,Operational Continuity,appointed,6,88,79,81,1
H0207,Julia Weber,internal,Transformation Program Lead; Supply Chain Transformation Manager; ERP Change Lead,ERP implementation; escalation handling; continuous improvement; supplier management; automation enablement; adaptability; stakeholder coordination; cross-functional leadership,17,6,MBA,manufacturing,12,3,4,Digital Transformation,appointed,7,95,85,89,0
H0208,Felix Vogel,external,Head of Operations; Supply Chain Transformation Manager; ERP Change Lead,process redesign; automation enablement; data-driven decision making; change management; continuous improvement; stakeholder coordination; KPI design,15,9,MBA,automotive,9,2,5,Supply Chain Disruption,appointed,7,86,86,88,1
H0209,Clara Meyer,internal,Transformation Program Lead; Operations Program Manager; Emergency Operations Coordinator,rapid decision making; vendor performance; executive communication; supply chain strategy; operations planning; supplier management; capacity planning,13,11,Master,manufacturing,12,4,5,Digital Transformation,appointed,5,89,85,96,1
H0210,Mila Krüger,external,Regional Operations Director; Regional Operations Manager; Distribution Operations Manager,root cause analysis; change leadership; operations leadership; process redesign; supplier negotiation; stakeholder coordination,10,7,MBA,manufacturing,10,3,4,Supply Chain Disruption,appointed,5,87,97,71,1
H0211,Noah Otto,internal,Internal Operations Manager; Site Continuity Lead; Head of Operations,supplier escalation; supplier negotiation; capacity planning; inventory planning; supply chain strategy; continuous improvement; executive communication,20,13,Bachelor,logistics,11,5,4,Operational Continuity,appointed,6,97,90,84,0
H0212,Erik Schuster,external,Logistics Program Lead; Supply Chain Project Manager; Operations Analytics Manager; Supplier Performance Manager,data analysis; workflow optimization; continuous improvement; adaptability; automation enablement; ERP implementation; cross-functional collaboration; operations planning; stakeholder coordination,10,5,Master,automotive,7,2,5,Operational Continuity,appointed,7,82,81,86,1
H0213,Felix Becker,external,Operations Manager; Demand Planning Manager,data analysis; workflow optimization; adaptability; supplier management; escalation handling; automation enablement; cross-functional collaboration; high-pressure operations; vendor performance,8,1,Bachelor,manufacturing,6,2,4,Operational Continuity,appointed,8,84,81,81,0
H0214,Finn Becker,external,Global Supply Response Manager; Supplier Recovery Lead; Regional Operations Director,stakeholder coordination; cross-functional leadership; team leadership; operational continuity; high-pressure operations; SAP; cross-site coordination; business continuity; executive communication,14,9,Master,manufacturing,14,3,4,Operational Continuity,appointed,6,92,89,75,0
H0215,Elias Wagner,internal,Supplier Recovery Lead; Internal Operations Manager; Senior Supply Chain Manager,supplier escalation; vendor performance; supply chain strategy; KPI management; capacity planning; escalation handling; executive communication,21,7,Bachelor,manufacturing,8,5,4,Supply Chain Disruption,appointed,4,88,94,78,1
H0216,Felix Fischer,external,Supplier Recovery Lead; Transformation Program Lead,supply chain strategy; continuous improvement; operational continuity; digital transformation; stakeholder coordination; business continuity; supplier management; supplier negotiation; operations planning,16,13,Master,manufacturing,11,3,5,Digital Transformation,appointed,7,80,84,95,0
H0217,David Vogel,external,Operations Program Manager; ERP Change Lead; Senior Supply Chain Manager; Head of Operations,digital transformation; stakeholder coordination; vendor performance; process governance; ERP implementation; incident response,11,9,Bachelor,manufacturing,11,3,4,Supply Chain Disruption,appointed,6,86,92,81,0
H0218,Helena König,external,ERP Change Lead; Operations Manager,cross-functional leadership; cross-functional collaboration; automation enablement; data analysis; rapid decision making; high-pressure operations; digital transformation; change leadership,7,5,Bachelor,manufacturing,3,2,4,Digital Transformation,appointed,7,78,79,85,0
H0219,Jan Bauer,external,Supplier Recovery Lead; Operations Program Manager,executive communication; incident response; process redesign; digital transformation; supply chain strategy; high-pressure operations; risk mitigation; operations planning,10,10,Bachelor,manufacturing,8,3,4,Supply Chain Disruption,appointed,6,83,95,78,1
H0220,Helena Becker,external,Supplier Recovery Lead; Emergency Operations Coordinator,S&OP; business continuity; process governance; SAP; root cause analysis; operational continuity; vendor performance,17,10,Bachelor,manufacturing,12,3,4,Operational Continuity,appointed,5,98,96,79,0
H0221,Lukas Meyer,internal,Emergency Operations Coordinator; Plant Logistics Manager,high-pressure operations; performance management; SAP; process governance; stakeholder coordination; operations leadership; operational continuity; executive communication,20,12,Bachelor,industrial goods,16,4,4,Supply Chain Disruption,appointed,5,94,91,78,0
H0222,Lea Krause,external,Transformation Program Lead; Head of Operations,crisis management; high-pressure operations; supply chain strategy; operational continuity; escalation handling; continuous improvement; supplier escalation; ERP implementation; inventory planning,18,5,Bachelor,retail,15,3,5,Supply Chain Disruption,appointed,6,90,97,77,0
H0223,Nina Neumann,internal,Internal Supply Chain Lead; Regional Operations Director; Manufacturing Operations Manager,high-pressure operations; workforce planning; supplier management; SOP execution; inventory control; site operations; stakeholder coordination; rapid decision making,16,9,Bachelor,manufacturing,11,5,3,Supply Chain Disruption,appointed,4,96,94,71,1
H0224,Eva Franke,external,Head of Operations; Regional Operations Director; Plant Logistics Manager; Global Supply Response Manager,cross-site coordination; SAP; team leadership; performance management; inventory recovery; executive communication; capacity reallocation; stakeholder coordination; vendor performance,12,12,Bachelor,manufacturing,7,3,4,Supply Chain Disruption,appointed,6,91,93,76,1
H0225,Ben Schuster,external,Plant Logistics Manager; Regional Operations Manager; Global Supply Response Manager,cross-functional leadership; performance management; operations leadership; root cause analysis; high-pressure operations; vendor performance,14,10,Master,retail,12,3,4,Digital Transformation,appointed,5,82,88,87,0
H0226,Nina Weber,internal,Internal Supply Chain Lead; Manufacturing Operations Manager,resource planning; business continuity; workforce planning; cross-functional leadership; inventory control; supplier management; team leadership; operations leadership; SOP execution,18,8,Master,automotive,13,5,4,Operational Continuity,appointed,4,100,80,73,0
H0227,Tom Wagner,external,Supply Chain Project Manager; Logistics Program Lead,data analysis; process improvement; cross-functional collaboration; ERP implementation; workflow optimization; project management; executive communication,6,5,PhD,manufacturing,6,2,3,Supply Chain Disruption,appointed,7,75,83,76,0
H0228,Maya Otto,external,Distribution Operations Manager; Supplier Recovery Lead; Head of Operations,escalation handling; vendor performance; incident response; operational continuity; operations leadership; stakeholder coordination; supplier escalation; inventory recovery,11,6,Master,automotive,11,3,4,Operational Continuity,appointed,6,97,92,74,0
H0229,Leon Keller,external,Regional Operations Director; Site Continuity Lead,supplier management; vendor performance; SAP; escalation handling; performance management; stakeholder coordination; site operations; high-pressure operations; process governance,13,11,PhD,logistics,8,5,4,Digital Transformation,appointed,5,93,78,83,1
H0230,David Krause,external,Emergency Operations Coordinator; Distribution Operations Manager; Regional Operations Manager,operational continuity; cross-site coordination; operations leadership; S&OP; supplier escalation; escalation handling; cross-functional leadership; root cause analysis; adaptability,12,10,Master,automotive,11,2,4,Operational Continuity,appointed,7,90,87,76,1
H0231,Marta Vogel,external,Regional Operations Director; Supply Chain Strategy Lead; Supplier Recovery Lead; Logistics Performance Manager,executive communication; continuous improvement; KPI management; cross-functional leadership; capacity planning; stakeholder coordination; inventory planning; operations leadership,16,8,Bachelor,logistics,11,3,5,Digital Transformation,appointed,7,80,85,87,1
H0232,Erik Otto,internal,Business Continuity Manager; Site Logistics Manager; Emergency Operations Coordinator,inventory control; resource planning; SOP execution; operational continuity; rapid decision making; compliance management,11,4,Bachelor,electronics,11,5,4,Supply Chain Disruption,appointed,4,95,92,74,1
H0233,Helena Werner,external,Supply Chain Project Manager; Demand Planning Manager,process improvement; rapid decision making; ERP implementation; continuous improvement; workflow optimization; digital transformation; process redesign; analytics; escalation handling,10,1,Bachelor,logistics,5,2,3,Operational Continuity,appointed,7,88,83,80,1
H0234,Lukas Lange,external,ERP Change Lead; Process Improvement Manager,adaptability; Power BI; stakeholder coordination; automation enablement; change management; ERP implementation; KPI design; data-driven decision making; operations leadership,14,6,Bachelor,logistics,4,2,5,Supply Chain Disruption,appointed,7,85,91,82,1
H0235,Ben Hoffmann,internal,Supply Chain Incident Lead; Global Supply Response Manager; Supplier Recovery Lead; Regional Operations Manager,performance management; operational continuity; high-pressure operations; supplier management; incident response; cross-functional leadership,20,11,Bachelor,industrial goods,12,4,4,Operational Continuity,appointed,4,96,89,77,1
H0236,Lukas Otto,internal,Head of Operations; Regional Supply Chain Lead; Emergency Operations Coordinator; Operations Program Manager,operations leadership; operational continuity; incident response; rapid decision making; continuous improvement; supply chain strategy; supplier escalation; business continuity,22,5,Bachelor,automotive,7,5,3,Operational Continuity,appointed,4,95,89,73,1
H0237,Elias Wolf,external,Internal Operations Manager; Transformation Program Lead; Supply Chain Strategy Lead,KPI management; process redesign; capacity planning; adaptability; stakeholder coordination; risk mitigation; digital transformation,18,12,Master,manufacturing,10,4,5,Digital Transformation,appointed,4,90,84,99,1
H0238,Sofia Wagner,internal,ERP Change Lead; Supplier Recovery Lead,supplier negotiation; rapid decision making; capacity planning; high-pressure operations; stakeholder coordination; crisis management; executive communication; operations leadership; performance management,21,6,PhD,industrial goods,17,5,5,Supply Chain Disruption,appointed,3,97,94,81,1
H0239,Lukas Wolf,internal,Supplier Recovery Lead; Manufacturing Operations Lead; Regional Operations Director; Transformation Program Lead,supplier management; incident response; operations planning; operations leadership; vendor performance; KPI management; supply chain strategy; continuous improvement,10,8,Master,automotive,8,5,4,Operational Continuity,appointed,6,98,83,76,0
H0240,Laura Franke,external,Internal Operations Manager; Plant Operations Lead; Business Continuity Manager; Head of Operations,escalation handling; site operations; supplier negotiation; inventory control; high-pressure operations; supplier escalation; compliance management,15,9,Bachelor,logistics,15,5,5,Supply Chain Disruption,appointed,4,87,95,80,0
H0241,Maya Schulz,external,Transformation Program Lead; Operations Analytics Manager; Supply Chain Project Manager,continuous improvement; digital transformation; change leadership; supplier management; process improvement; data analysis; stakeholder coordination,8,4,Bachelor,logistics,8,2,3,Digital Transformation,appointed,9,71,73,93,1
H0242,Anna Hartmann,external,Continuous Improvement Manager; Head of Operations; ERP Change Lead; Regional Operations Director,high-pressure operations; data analysis; process redesign; automation enablement; performance management; digital transformation; adaptability; operations leadership; escalation handling,6,4,Master,logistics,6,2,4,Operational Continuity,appointed,7,81,82,80,0
H0243,Lea Hartmann,internal,ERP Change Lead; Internal Operations Manager; Logistics Program Lead; Operations Manager,automation enablement; process redesign; analytics; operational continuity; data analysis; business continuity,6,1,MBA,retail,6,4,4,Operational Continuity,appointed,7,86,84,82,1
H0244,Jan Franke,external,Regional Operations Director; Supply Chain Incident Lead; Distribution Operations Manager,operational continuity; team leadership; change leadership; risk mitigation; inventory recovery; crisis management,13,6,Bachelor,manufacturing,13,3,4,Supply Chain Disruption,appointed,6,83,100,76,0
H0245,Paul Hartmann,external,Emergency Operations Coordinator; Regional Supply Chain Lead; Logistics Performance Manager; ERP Change Lead,capacity planning; supplier management; escalation handling; operations leadership; supplier escalation; adaptability; automation enablement,20,11,Bachelor,automotive,7,4,4,Digital Transformation,appointed,6,94,81,95,1
H0246,Tom Vogel,internal,Supply Chain Strategy Lead; Head of Operations; Manufacturing Operations Lead,team leadership; high-pressure operations; capacity planning; process governance; operational continuity; change leadership; digital transformation; continuous improvement; operations leadership,15,6,Master,automotive,14,5,5,Digital Transformation,appointed,6,87,84,95,0
H0247,Erik König,external,Operations Manager; ERP Change Lead; Supplier Performance Manager; Continuous Improvement Manager,continuous improvement; automation enablement; cross-functional collaboration; ERP implementation; process redesign; stakeholder coordination; adaptability; analytics; project management,5,1,Master,automotive,5,2,4,Operational Continuity,appointed,7,87,68,80,0
H0248,Jonas Hartmann,internal,Head of Operations; Internal Operations Manager,operations planning; automation enablement; capacity planning; supplier negotiation; vendor performance; stakeholder coordination,13,8,Bachelor,logistics,13,5,4,Supply Chain Disruption,appointed,5,91,98,81,0
H0249,Anna Hoffmann,internal,Site Continuity Lead; Site Logistics Manager; Internal Operations Manager; Regional Fulfillment Manager,stakeholder coordination; workforce planning; process governance; SAP; compliance management; team leadership,12,7,Master,logistics,9,5,4,Supply Chain Disruption,appointed,4,91,91,72,1
H0250,Leon Bauer,external,Change Program Manager; Process Improvement Manager; Regional Operations Director; Operations Excellence Lead,high-pressure operations; operational continuity; team leadership; process optimization; automation enablement; cross-functional leadership; escalation handling; continuous improvement,17,8,Bachelor,retail,5,3,5,Operational Continuity,appointed,6,90,80,89,1
